INSERT INTO parent VALUES ('b8fa1be2-0e04-453d-8634-c8e403609826', 'Stefan', 'Kopytko');
INSERT INTO parent VALUES ('016d6609-5394-4534-b3fb-5b743c77d49b', 'Albert', 'Odstrzał');
INSERT INTO parent VALUES ('17100358-74a0-418b-bda9-adb91300338d', 'Krystyna', 'Czubówna');
INSERT INTO parent VALUES ('c22e278e-1764-4c0b-a586-8bcde55cbd60', 'Magdalenia', 'Niemiec');

INSERT INTO school VALUES ('79b55533-72bb-4479-83a7-f3e403870bf0', 'Szkoła pod wezwaniem św Judasza', 50.00);
INSERT INTO school VALUES ('016d6609-5394-4534-b3fb-5b743c77d49b', 'Policealna szkoła robienia hałasu', 75.69);

INSERT INTO child VALUES ('eb62d011-1faa-4eac-96f3-8299bba0ac88', 'b8fa1be2-0e04-453d-8634-c8e403609826', '79b55533-72bb-4479-83a7-f3e403870bf0', 'Antoni', 'Macior');
INSERT INTO child VALUES ('b6fc65a4-0c0c-4b9b-8e76-03c11cd8d2ac', '016d6609-5394-4534-b3fb-5b743c77d49b', '79b55533-72bb-4479-83a7-f3e403870bf0', 'Zbyszek', 'Płakał');
INSERT INTO child VALUES ('d319981b-5dc5-4d3b-817a-63d1803f3924', 'b8fa1be2-0e04-453d-8634-c8e403609826', '79b55533-72bb-4479-83a7-f3e403870bf0', 'Seweryna', 'Brzydka');
INSERT INTO child VALUES ('ae300c54-3ffa-4314-ab49-6b2bb0624170', '016d6609-5394-4534-b3fb-5b743c77d49b', '79b55533-72bb-4479-83a7-f3e403870bf0', 'Jadwiga', 'Stara');
INSERT INTO child VALUES ('a9365ba5-0e8a-4ec7-8293-f15eec2c2d89', '17100358-74a0-418b-bda9-adb91300338d', '016d6609-5394-4534-b3fb-5b743c77d49b', 'Antonina', 'Piękna');
INSERT INTO child VALUES ('8804eea4-1c3a-4b56-b140-9d6abedce273', '17100358-74a0-418b-bda9-adb91300338d', '016d6609-5394-4534-b3fb-5b743c77d49b', 'Hetman', 'Odważny');
INSERT INTO child VALUES ('751a05d5-a758-4191-98f9-922c56921c5a', 'c22e278e-1764-4c0b-a586-8bcde55cbd60', '016d6609-5394-4534-b3fb-5b743c77d49b', 'Paweł', 'Biedronka');
INSERT INTO child VALUES ('a1979383-afa0-4b7b-87f8-216947f69e7f', 'c22e278e-1764-4c0b-a586-8bcde55cbd60', '016d6609-5394-4534-b3fb-5b743c77d49b', 'Marta', 'Szczupła');

INSERT INTO attendance VALUES ('bf6d7805-6db1-4c9e-991e-04a81a25c382', 'eb62d011-1faa-4eac-96f3-8299bba0ac88', '2023-12-29 06.59.00', '2023-12-29 12.01.00');
INSERT INTO attendance VALUES ('55c15a0d-80ab-4447-ad59-161abe6178ac', 'eb62d011-1faa-4eac-96f3-8299bba0ac88', '2024-01-05 10.59.59', '2024-01-05 16.59.59');
INSERT INTO attendance VALUES ('d0caf6c0-27d4-46bf-b795-394d60c2fc30', 'b6fc65a4-0c0c-4b9b-8e76-03c11cd8d2ac', '2023-12-29 06.59.00', '2023-12-29 12.01.00');
INSERT INTO attendance VALUES ('fd0339cc-d5bf-4f0b-9a37-77033c28231d', 'b6fc65a4-0c0c-4b9b-8e76-03c11cd8d2ac', '2023-12-29 09.59.59', '2023-12-29 16.59.59');
INSERT INTO attendance VALUES ('61e8aa1b-fdd0-4e48-95b5-24857fc67b10', 'd319981b-5dc5-4d3b-817a-63d1803f3924', '2023-12-29 06.59.00', '2023-12-29 12.01.00');
INSERT INTO attendance VALUES ('06f8c031-9f2f-4865-882f-1da2ff922ce3', 'd319981b-5dc5-4d3b-817a-63d1803f3924', '2024-01-05 10.59.59', '2024-01-05 16.59.59');
INSERT INTO attendance VALUES ('dd8bc325-c14c-453c-a8bb-7608410f5cea', 'ae300c54-3ffa-4314-ab49-6b2bb0624170', '2023-12-29 06.59.00', '2023-12-29 12.01.00');
INSERT INTO attendance VALUES ('f0b45dd0-d812-499b-97e1-9133b9c9e776', 'ae300c54-3ffa-4314-ab49-6b2bb0624170', '2023-12-29 09.59.59', '2023-12-29 16.59.59');
INSERT INTO attendance VALUES ('8d390620-bb8d-476d-bd3e-af67cf0c6c5f', 'a9365ba5-0e8a-4ec7-8293-f15eec2c2d89', '2023-12-29 06.59.00', '2023-12-29 12.01.00');
INSERT INTO attendance VALUES ('80b2c7d7-4bd1-40e9-9408-9d80f833c40f', 'a9365ba5-0e8a-4ec7-8293-f15eec2c2d89', '2023-12-29 09.59.59', '2023-12-29 16.59.59');
INSERT INTO attendance VALUES ('5aff4d81-6321-4f76-944f-4611a6dca359', '8804eea4-1c3a-4b56-b140-9d6abedce273', '2023-12-29 06.59.00', '2023-12-29 12.01.00');
INSERT INTO attendance VALUES ('34f865ce-0996-471b-b5e6-6010388817ac', '8804eea4-1c3a-4b56-b140-9d6abedce273', '2023-12-29 09.59.59', '2023-12-29 16.59.59');
INSERT INTO attendance VALUES ('8136882f-d58b-45fa-bf6a-3011e5dca2e8', '751a05d5-a758-4191-98f9-922c56921c5a', '2023-12-29 06.59.00', '2023-12-29 12.01.00');
INSERT INTO attendance VALUES ('00c1e2f6-0725-4b56-babe-a2a096c1d0c4', '751a05d5-a758-4191-98f9-922c56921c5a', '2023-12-29 09.59.59', '2023-12-29 16.59.59');
INSERT INTO attendance VALUES ('a1a2f017-ea1e-44b8-a462-02844731fafa', 'a1979383-afa0-4b7b-87f8-216947f69e7f', '2023-12-29 06.59.00', '2023-12-29 12.01.00');
INSERT INTO attendance VALUES ('b7fba163-49e3-44af-aa25-fa6a9b18c837', 'a1979383-afa0-4b7b-87f8-216947f69e7f', '2023-12-29 09.59.59', '2023-12-29 16.59.59');
